TEMPERATURE,DISSOLVED OXYGEN,PH,TURBIDITY,NITRATES,FECAL COLIFORM 
30.6,6.7,7.5,NAN,0.1,11
29.8,5.7,7.2,2,0.2,4953
29.5,6.3,6.9,1.7,0.1,3243
29.7,5.8,6.9,3.8,0.5,5382
29.5,5.8,7.3,1.9,0.4,3428
30,5.5,7.4,1.5,0.1,2853
29.2,6.1,6.7,1.4,0.3,3355
29.6,6.4,6.7,1,0.2,6073
30,6.4,7.6,2.2,0.1,3478
30.1,6.3,7.6,2.3,0.1,2606
27.8,7.1,7.1,1.2,0.1,4573
27.9,6.7,6.4,1.4,0.1,2147
29.3,7.4,6.8,1.7,0.4,11633
29.2,6.9,7,1.1,0.1,3500
30,6,7.5,1.6,0.2,4995
29,7.3,7,1.5,0.2,1095
29.1,7.3,7,1,0.1,1286
28.7,7,6.9,1.2,0.3,3896
28.7,7.3,6.7,1.5,0.1,1940
29.5,5.3,6.8,1.8,0.3,6458
29,6.3,6.4,1.6,1.4,7592
29.4,5.4,7.6,1.4,0.1,3176
28.3,2.2,6.5,4.7,1.2,11210
30.1,5.2,7.1,2.6,0.3,5073
30.3,5.6,7.5,1.8,0.1,3205
30.5,5.5,7.4,1.5,0.1,4698
29.1,7.3,6.7,1.4,0.1,2638
30.1,6.5,7.5,2,0.1,864
29.2,7.2,6.3,1.5,0.1,7942
25.1,6.6,7.8,4.9,0.2,16
29.6,6.9,7.9,5,0.4,15
27.4,6.8,7.7,5.2,0.3,11
27.8,6.7,7.8,4.9,0.3,12
30.6,5.1,7.3,10.3,1.8,31
25,5.6,7.9,3.6,1.9,66
25,6.4,7.6,5.7,0.6,23
25,5.5,7.4,7.7,1.1,44
25.3,5.3,7.7,9.9,1.2,156
25.1,6.7,7.6,4.8,0.2,28
26.1,3.6,7.4,31.3,2.2,276
21.4,7.2,7.7,3.1,0.8,NAN
27.4,5.9,7.4,6.4,0.4,37
27.1,5.4,7.5,7.4,1.5,59
27.2,5.8,7.3,5.4,0.6,37
27.3,5.9,7.4,5.1,1.2,34
27,6,7.3,8.5,0.4,32
27.2,6.1,7.3,6.1,0.5,30
27,5.9,7.4,6.4,0.4,19
22.6,6.3,7.8,4.6,0.9,15
28.4,6.7,7.3,3.5,1.8,NAN
28,6.8,7.2,3.1,1.4,NAN
27.6,6.8,7.3,3.3,1.6,NAN
27.9,6.9,7.3,3.3,1.6,NAN
28.1,6.9,7.3,3.4,1.7,NAN
27.1,6.8,7.9,4.9,0.8,15
27.6,6.6,8.1,4.6,0.3,16
27.3,6.7,8,5,0.3,14
27.8,6.7,7.8,4.9,0.3,14
28,5.9,7.7,5.5,0.6,22
28.1,6.3,7.6,4.6,0.6,13
28.6,6.6,7.6,4.7,0.7,12
26.9,6.8,7.7,5,0.4,15
23,7.1,7.4,2.7,0.9,NAN
23,7,7.4,2.7,0.9,NAN
23,7.2,7.2,2.7,1,NAN
25.1,6.7,7.5,1.4,1,183
24.6,5.8,7.4,1.4,0.8,285
25.7,6.6,7.5,1.4,0.7,183
24.8,6.7,7.5,1.4,1,161
27.3,6.7,6.9,0.9,0.2,82
27.5,6.5,6.7,1.2,0.2,136
25.2,6.3,6.9,1.6,0,787
29.9,7,7.4,0.7,0.1,301
29.8,6.6,7.7,1.6,0.2,362
27.8,6.9,6.9,1.1,0.4,249
26.7,7,7.5,0.8,0.4,2573
25.8,6.7,7.4,0.8,0.6,1411
26.4,7.2,7.4,0.7,0.5,840
29.8,7.5,7.2,1.1,0.1,76
28.6,3,6.6,1.7,1.2,247
26.9,5.9,7.4,0.7,0.5,1888
26,6.7,7.5,1.6,0.9,199
23.6,6.1,7.4,2,1.6,243
30.3,6.7,6.9,1.7,0.2,155
30.7,6.9,6.8,1.6,0.2,82
28.7,2.1,6.8,1.6,0.8,431
28.2,2.5,6.9,1.9,0.3,353
24.8,7.2,7.6,1.4,1,188
26.3,3.7,7.7,1.2,0.9,40000
29.2,6.1,7.6,1.2,0.7,384
26.6,6.7,7.6,0.5,2.5,44
30.4,7.6,7.1,1.2,0.1,163
25.5,1.9,7.7,26.9,2.8,10875
25.1,7.4,7,0.1,0,165
28.9,6.4,7.2,1.3,0.4,121
28.8,5.4,6.7,1.1,0.3,60
29.3,5.6,7.3,1.6,0.4,268
29.5,7.1,8,1.2,0.4,374
28.4,5.9,6.8,1.5,0.4,70
26.9,7.4,6.9,1.1,0.3,70
25.8,7.2,7.2,0.7,0.2,441
26.6,6.5,7.4,0.6,0.3,4192
25.3,6.8,7.1,0.8,0,389
28.2,6.8,6.9,1.7,0.1,449
28.5,6.6,7,1.4,0.1,550
27.6,6.4,7.7,0.6,0.9,56
29,7.3,6.9,1.9,0.2,89
27.5,6.8,6.6,0.5,0.4,1719
30,5.6,7.2,2.1,0.3,92
27.8,6.9,6.8,0.6,0.5,1916
30.2,7.1,6.8,1.8,0.1,65
30.8,6.2,7.2,1.5,0.1,98
25.3,6.7,7.1,0.6,0,222
25.3,7.2,7,0.6,0,165
25.8,6,7.6,1.3,1.1,212
27.2,5.2,6.8,0.6,0.7,171
28.1,4.8,6.8,0.7,0.8,208
28.3,3.9,6.9,0.5,0.7,155
28.1,5,6.9,1.8,0.4,290
27.7,7,7,1.1,0.2,276
28,6.3,6.9,1.2,0.3,381
28.2,6.2,6.9,1.3,0.2,372
28,5.7,6.8,1.9,0.5,385
28.1,5.7,6.9,3.1,0.4,574
28.1,6.6,7.1,1.3,0.2,356
28.1,6.6,7,1.3,0.3,228
27.3,6.5,6.5,0.9,0.4,87
28.3,6.7,6.3,0.9,0.1,136
29.1,4.3,7.2,1.8,0.4,188
28.7,4.6,6.7,1.5,0.6,72
28.5,7.7,6.9,1.6,0,88
26.6,5.8,6.5,1,0.4,70
31,4.5,6.9,2.1,0.6,131
30.5,6.9,7.2,1.3,0.2,113
28.8,6.6,7,0.9,0.3,55
25.3,6.9,7.5,0.6,0,319
25.9,5.5,7.6,1.3,0.9,18
26.5,5.4,7.8,0.8,2.4,7
18.9,7.1,7.8,0.7,0.5,2
20.5,6.9,8,0.9,0.7,2
27.1,7.3,7.3,2.4,3.4,18
26.3,7.5,7.5,2.1,2,22
29.1,6.4,7.2,1,0,137
28.4,6.5,7.1,1,0,155
24.7,7.7,7.9,1.3,0.8,30790
24.4,7.5,7.8,2.1,0.7,38700
22.7,7.3,7.2,0.7,1.7,4871
24.8,7.4,7.9,0.7,0.6,5323
24,7.4,7.8,1.9,1,20880
22.8,7.5,8,1.7,0.9,8780
26.8,7.2,8,1.5,0.7,1468
27.4,6.6,7.8,1.5,0.9,1671
25.3,7.5,7.9,1,1,2906
27.1,7.4,7.9,0.8,0.9,4948
29,NAN,7.3,NAN,0.2,NAN
25,5.9,7.9,NAN,0.1,NAN
25,6.5,7.3,NAN,0.1,NAN
25,6.5,7.7,NAN,0.1,NAN
32,6,7.1,NAN,0.4,NAN
29.3,6.5,7.4,2,0.6,177
22.8,6.8,6.6,2.9,0.1,11
24.5,6.6,6.4,2.5,0.2,13
25.5,6.6,6.5,2.5,0.2,13
29,6.7,6.9,2.2,0.2,12
23.8,6.7,6.3,2.7,0.2,9
22.8,6.7,6.4,4.6,0.1,10
29,6.6,7.2,2.7,0.2,21
29,6.7,7,2.5,0.1,17
23,6.6,6.2,2.5,0.1,11
29,6.8,6.9,2.5,0.1,14
25.7,6.5,6.6,2.4,0.2,11
25.7,6.6,6.7,2.5,0.2,10
24.3,0.9,7.6,104.5,0.9,272521616
NAN,NAN,NAN,NAN,NAN,NAN
22.7,5.8,7.2,6,4.3,1450
19,4.8,7.6,22,3.6,30500
23,5.5,7.3,10,5,2020
24,5.1,7.4,23.7,5.9,27333
24.7,5.5,7.4,10,6.1,12167
25,5,7.6,16.3,6.1,11167
22,4.9,7.7,27.5,7.7,42500
24.3,5,7.3,19.3,6.2,21467
23.3,5.3,7.2,13.3,5.9,3167
19.5,4.9,7.7,21,4.2,28000
21.5,4.1,7.5,23,6.1,35000
20,4.8,7.4,17,4.7,20500
NAN,NAN,8.2,19.8,0,NAN
NAN,NAN,7.9,18.2,0,NAN
32.6,4,6.8,3,0.8,4
23.6,7.8,7.8,1.3,0.4,9
23.9,7.7,7.7,1.3,0.3,12
24.5,7.6,7.9,1.6,0.4,12
NAN,NAN,7.2,88,0,NAN
18.1,4.4,7.1,41,1.2,92
25.1,5.9,8,0.9,0.7,4
22.3,6,7.2,0.8,0.4,4
23.7,5.6,7.9,1.1,0.8,4
23.9,6.2,8.1,1,0.7,4
25.5,7.2,7.5,2.3,3.8,33
25.1,7.2,7.5,2.3,4.1,31
25.2,7.5,7.3,1.8,2.8,30
23.2,7.5,7.5,2.4,3,293
20.1,5.3,3.3,7.7,3.2,18
18.3,7.2,7.2,1.7,2.6,21
19.3,7.5,7.2,1.6,2.5,22
24,7.8,7,2.3,4.3,28
20.5,6.7,2.7,3.3,1.1,7
21.2,7.3,6.6,2.5,2.4,176
26.3,7.4,7.3,1.8,2.5,25
25.5,7.2,7.4,2,2.8,26
20,7.3,7.1,1.9,2.5,24
20.3,7.3,7.1,2,2.4,24
19.4,6.6,7.1,2.6,2.8,2142
21,7.3,5.6,1.8,2.1,16
19.2,5.1,7,3.6,4.7,351
18.3,7.3,7.1,1.6,2.4,19
19.6,7.7,7.2,1.6,2,19
23.7,7.6,7.3,2.1,3.7,301
18.2,6.2,7,2.4,5.1,36
18.8,7.2,7.1,1.9,3.4,28
18.9,7.4,7.1,1.5,2.9,13
25.1,7.5,7.4,1.7,3.5,26
18.8,7.1,7.1,1.9,5.6,22
20.2,7.3,7.2,1.9,3.3,24
20,7.3,7.3,2,3,25
18.5,1.5,6.9,33.9,16.9,23232
18.8,3.9,7.1,17,10.5,13174
18.3,1,7.2,57.2,20.3,48665
18.5,0.9,7.2,61.1,19.6,64250
18.2,7.2,7,1.9,3.7,28
22.1,7.7,7.2,1.6,3,27
17.6,7.3,6.9,2.2,2,25
18.7,1.2,7.1,45.7,15.6,51583
18.7,3.2,7.1,23.5,10.3,31833
23.1,7.2,7.2,6.9,4.5,348
22.6,7.2,7.1,2.1,2.4,56
20,7.5,7.3,1.9,3.3,21
19.9,7.6,7.3,1.9,3.8,21
24.5,7.1,7.3,1.4,0.1,NAN
24.4,7.2,7.3,1.5,0.1,4
23.6,6.9,7.1,1.6,0.1,NAN
23.5,6.8,7.1,1.4,0.2,NAN
27.3,6.2,7.8,2.1,0,282
29.1,6.4,7.8,4.1,0.5,458
26.6,6.6,7.9,4.2,1.9,510
NAN,NAN,0,NAN,NAN,NAN
27.1,7.3,7.9,0.5,1,161
27.3,5,7.6,1.8,8,329
NAN,NAN,0,NAN,6,26
24.5,6,7.7,8.6,1,47
NAN,NAN,NAN,NAN,7,22474
27.5,5.3,7.8,2.8,1,9
28.3,4.3,7.8,103.8,1.23,NAN
28.4,4.5,8.3,1.5,11,116
NAN,NAN,NAN,NAN,0,NAN
27.6,6.8,8.2,2.5,0.87,7
NAN,5,8,0.7,0,NAN
NAN,3,7.7,0.4,0,NAN
27,6.7,8.1,7.2,1,6
29,8.2,8.4,2.9,0,NAN
NAN,NAN,NAN,NAN,NAN,NAN
30,5.6,7.5,2,0.08,7022
30.4,5.5,6.7,0.8,0.17,1893
30.8,5.5,7.1,1.5,0.09,3293
30.3,5.3,7.3,1.5,0.08,1976
30.1,6,7.6,1.2,0.17,5129
29.9,5.7,6.9,1,0.14,939
29.1,6.4,7.1,1.1,0.1,4464
29.9,6.2,7.8,2,0.06,9429
29.8,6.1,7.6,1.8,0.06,6668
27.9,7,6.9,1.1,0.09,1641
28.2,6.6,6.5,1,0.14,4073
29.6,7,6.8,2,0.49,12140
28.8,7,7,1.2,0.66,1298
29.5,6.3,7.6,1.5,0.06,3803
29.8,6.7,6.8,1.2,0.17,2140
29.7,7.1,6.6,1,0.12,2367
28.7,6.7,6.6,1.3,0.22,2461
27.9,7.2,6.7,0.9,0.06,832
29.3,4.2,6.7,2,0.16,4448
28.6,6.3,6.6,1.6,0.19,2830
29.8,5.6,7.7,1.7,0.14,1831
28.6,2.8,6.4,3.2,0.35,12658
30.6,5.2,7.1,2.6,0.34,1411
30.3,5.6,7.7,1.5,0.07,4153
30.4,5.5,7.7,1.5,0.08,7086
29.6,6.9,6.7,0.9,0.21,691
29.6,6.3,7.6,1.7,0.08,3622
29.5,7.1,6.6,1.1,0.13,4124
26.7,6.9,7.7,3.3,1,77
29.3,7.2,8.2,3.3,1,39
28,6.9,7.7,3.7,0.57,48
28.2,6.9,7.6,3.5,0.75,37
26.5,6.4,7.4,4.3,2.89,524
20.7,6.3,8.3,2.7,1.58,64
27.2,6.7,7.8,3.6,1,43
27.5,6.3,7.6,4.4,1.86,48
26,5.9,7.6,5,1.79,166
26.5,7.3,7.7,3.2,1,50
27,3.6,7.4,30.5,1.5,534
27.3,6.3,8.3,3.3,1.78,4
28.7,7.2,7.7,3.3,1,39
28.4,7.1,7.5,3.4,4.4,17
28.7,7.1,7.4,38,1,388
28.7,7.2,7.6,3.2,1,22
28.7,7,7.6,3.3,1,20
28.7,7.2,7.6,3.4,1.89,29
28.7,7.1,7.8,3.2,0.63,43
29.3,6.8,7.7,3.6,4.57,3
28.3,6.8,7.4,3.7,2.26,4
28.7,6.8,7.6,3.3,4.22,4
29.2,6.7,7.8,4.4,4.78,4
28.7,6.8,7.7,3.9,4.25,3
27.2,6.8,8.1,3.8,1,32
27.2,6.8,8,3.5,1,53
27.2,7,8,3.6,1,44
28,6.9,7.9,3.5,0.75,41
26.2,7,7.6,3.5,0.6,33
26.2,7.2,7.5,3.3,0.9,38
28.2,7.2,7.7,3.3,1,35
24.5,6.9,7.5,2.8,1,3
24.5,6.7,7.7,3.3,3,4
24.5,7.3,7.7,2.9,2,3
24,6.4,7.3,1.7,0.62,199
24.9,6,7.1,1.7,0.53,262
24.3,6.3,7.1,1.3,0.57,248
24.8,6.5,7.3,1.6,0.55,226
26.4,6.7,6.6,1.2,0.34,228
27,7,6.6,1.5,0.37,208
26.6,6.7,7.3,0.8,0.35,547
28.6,6.9,7.7,0.7,0.46,255
28.8,6.7,7.9,0.9,0.56,191
28,5.6,6.9,1.2,0.67,266
27.4,7.3,7.4,0.8,0.31,2984
27.5,6.9,7.4,0.8,0.29,1807
26.8,7.1,7.4,0.6,0.5,1921
30,7.2,6.9,1.3,0.11,33
28.8,3.4,6.7,2.3,1.11,271
27.4,6.1,7.2,0.9,0.25,1667
24.8,6.4,7.2,1.9,0.77,258
23.6,6.2,7.2,2,1.01,184
29.8,6.6,6.9,1.6,0.29,264
30.2,6.8,7,1.7,0.2,249
28.2,2.9,6.7,2.2,1.28,403
27.7,3,6.6,2,0.39,357
23.9,6.7,7.1,1.6,0.34,313
27.4,3.6,7.3,2.6,0.59,64259
27.8,6.1,7.8,1.3,0.54,422
26.4,6.9,7.4,0.5,0.35,50
29.6,7,6.9,1.1,0.18,44
27,3.1,7.2,13.2,4.41,2992
26.3,7,7.1,0.5,0.32,211
30,6.1,7,1.8,0.58,89
28,6,6.4,2.1,0.28,87
30.1,6.3,7,2.8,0.37,142
27.9,6.9,8.1,0.9,0.72,382
27,5.9,6.7,1.5,0.52,144
26,7.8,6.8,1.4,0.3,122
27.7,7.1,7.4,1,0.14,1527
27.1,7.3,7.2,0.9,0.38,6490
26.5,6.2,7.2,0.8,0.23,331
28.5,7.2,6.8,1.2,0.45,706
28.7,6.9,6.7,2.5,0.4,526
25.7,6.3,7.4,0.6,0.88,98
29.3,7.6,6.8,1.6,0.31,48
27,7,7.2,0.6,0.46,2117
30.9,5.9,7,1.5,0.35,42
27.1,6.8,7.2,0.6,0.39,1200
30.3,6.3,6.7,1.3,0.17,55
30.4,6.4,6.9,1,0.27,40
26.2,6.6,7.3,0.6,0.39,228
26.2,6.9,7.2,0.5,0.18,151
25.1,6,7.3,1.7,0.56,256
27.4,6.1,7.2,0.7,1.04,181
28.1,4.5,6.9,0.7,1.17,218
28.3,4.2,7,0.6,1.04,240
28.2,6,7,2.2,0.68,473
27.2,7.3,7,1,0.27,234
27.4,6.3,7,1.6,0.32,487
28.2,6.4,7.2,1.4,0.23,362
27.9,5.9,7,2.2,0.62,330
27.3,4.6,7,1.7,0.28,631
28.2,6.5,6.9,2,1,340
28.2,6.5,7,1.4,1,249
26.7,6.4,6.4,1.2,1,142
28,6,6.1,1.2,0,136
29.7,5.3,6.8,2.8,0.79,106
28.2,3.6,6.5,1.8,0.95,105
28.9,6.9,6.7,1.8,0,93
26.4,6,6.6,1.5,3.69,168
30,4.9,6.8,1.6,1,208
30.8,6.3,7,1.4,1,34
27.8,6.6,6.8,1.1,0.06,149
26.7,7.1,7.5,0.8,1,239
27,6,7.3,1.2,3,3
26.8,6.1,7.7,1.2,1,3
19,5.8,7.8,0.6,0.85,2
21.4,6.1,8,0.9,1,2
27.1,7.3,7.3,2.3,1,115
26.3,7.6,7.4,2.4,1,223
28.3,6.5,7.1,1,0,156
27.9,6.5,7.1,1,0,30
23.4,7.5,7.8,1.4,0.89,8281
23.5,7.6,7.6,2.3,2.66,19264
22.4,7.3,7.5,1.2,1.58,15816
26.8,7.5,8,1.4,1.89,11771
26.5,7.3,7.9,2.9,2.23,9026
22,7.4,7.9,2.3,1.9,1850
27.6,6.9,8.1,2,2.26,19058
26.8,7,8,1.8,2.54,16613
25.6,7.2,7.8,1.3,1.59,29937
26.5,7.3,8,1.2,2.26,16103
24,NAN,7.8,1,1,NAN
28,8,7.7,NAN,1,NAN
28,8,8.2,4,1,NAN
28,7,8.2,5,1,NAN
27,7,6.4,4,1,NAN
27.8,6.7,7.5,1.7,0,194
23.4,7.2,6.5,3.1,0,19
25.4,6.7,6.3,3.3,1.5,21
26.3,6.3,6.5,4,4,38
29,6.6,6.9,5.4,1,17
24.6,7.1,6.3,3.5,1,24
23.5,6.9,6.3,3.5,0,17
29,7.3,7.1,3.6,0.88,33
27,6.1,7,5.2,0.56,26
24,6.9,6.4,3.2,1.59,20
28.7,6.8,6.8,9.4,0.55,22
26.3,6,6.6,3.9,2,22
25.7,6.5,6.7,3.3,3,32
26.8,3.4,7.8,164.9,1.5,148825783
NAN,NAN,NAN,NAN,NAN,NAN
23.3,5.5,7.2,9.7,4,1328
22.8,4.7,7.3,23.8,4,28250
23.3,5.3,7.2,11.3,4,1350
21.8,4.9,7.3,23.5,3,24750
24.3,5.3,7.4,13,4,13775
23.5,4.9,7.5,16.5,5,12375
24,4.4,7.4,24.8,6,25250
23.5,4.8,7.2,20.3,4,22875
23.3,5.1,7.3,14.8,5,2125
22.5,4.6,7.4,24.3,4,21500
26,4,7.4,26,3,31750
25.8,4.4,7.3,21.5,4,21000
NAN,NAN,6.9,13,0,NAN
NAN,NAN,6.5,15,0,NAN
NAN,5,7.3,33.9,0,NAN
NAN,NAN,6.7,18,0,NAN
30.7,4.8,7.6,0.8,0,4
20.3,7.1,7.5,1.3,0,9
20.7,7.1,7.5,1.4,0,13
20.8,6.6,7.5,1.6,0,14
20.6,4.9,7.4,16.3,0,51
28,4.9,8.3,1,0,4
23.4,5.5,7.4,0.8,0,4
25.3,5.5,8.1,1.1,0,4
31.1,5,7.3,1.7,0,4
26.3,5.6,8.1,1.1,0,4
22,7.3,7.3,2.1,0,4
24.4,7.2,7.3,2.2,1,26
23.7,7.2,7.4,2.2,1,25
24.6,7.6,7.2,1.8,2.56,24
23.1,7.1,7.5,2.2,3.2,239
21.7,5.2,2.9,7.8,1.5,16
18.2,7.3,7.1,1.3,2,15
18.8,7.6,7.2,1.2,2,16
23.8,8,6.9,1.8,3.38,23
17.8,7.9,7.3,1.4,1,12
18.7,7.4,7.2,1.9,3,14
18.8,7.7,7.2,1.6,3,15
21.3,6.8,2.7,3.2,2.33,4
22.6,7.1,6.5,3.8,4.56,674
25.2,7.8,7.2,1.6,1.77,20
24.8,7.3,7.3,2,2.66,21
19.9,7.3,7,1.8,3.3,20
20.7,7.4,7.1,1.7,2.44,19
20.6,6.5,7.1,2.7,3.56,1967
21.5,7.5,5.7,1.5,2.21,10
17.7,5.8,6.9,3.1,4.9,197
17.9,6.9,7.2,1.4,2.66,14
23.9,7.8,7.3,1.9,2.99,264
18,6.6,7,2.3,4,29
18.4,7.6,7.1,1.7,3,23
18.8,7.8,7,1.4,2,8
24.8,7.7,7.4,1.6,3.32,25
19.3,7.1,7,1.8,2.58,20
20.6,7.4,7,1.6,3.3,17
20.7,7.5,7.2,1.6,2.25,21
18.4,3.1,7.2,21.8,19,22556
19.1,4.7,7.2,13.6,15,13444
19.7,2.1,7.2,37.2,18.2,39444
20.1,1.8,7.2,40.6,15.4,57222
17.6,7.2,6.9,1.7,3.04,26
22.7,7.9,7.1,1.2,3.55,23
17.9,6.9,6.9,2.2,3.48,1576
18.9,1.9,7,34.2,17.9,48278
19.4,4.5,7.1,15.5,11,48611
23.7,7.2,7.1,6.7,5.56,303
22.7,7.5,7,2.1,3.02,45
23.6,7.1,7.5,1.9,1,NAN
23.8,7,7.6,1.8,1,NAN
23.5,7.2,7.9,1.9,0.95,NAN
23.5,6.5,7.8,1.8,0.99,NAN
27.4,6.6,7.7,1.7,0,280
21.9,6.7,7.8,4.8,1,440
27.5,6.6,7.7,3.7,1.55,415
31,7.1,7.8,8,0.08, 
28,7.2,7.4,0.7,0.18,5
27,6.2,8.4,9,0.38,140
30,2.2,8,17.9,0.86,10478
31,2,7.7,32.3,3.44,11498
29,2.4,7.6,6.2,1.31,3
31,5.9,7.2,2.1,0.08, 
30,6.1,6.8,1.3,0.17,1300
30,5.5,6.9,1.3,0.09,4100
29,5.4,7.2,1.5,0.08,428
29,5.8,7.2,5.3,0.17,855
29,5.9,6.7,1.5,0.14,1638
28,6.4,6.7,1.3,0.1,772
30,6.2,7.7,1.3,0.06,1296
30,6.1,7.8,1.5,0.06,1032
27,7.3,6.9,0.7,0.09,1430
28,6.8,6.6,1.5,0.14,2495
29,7.4,6.5,2.3,0.49,5868
28,7,6.8,1.6,0.66,965
29,6.3,7.5,1.6,0.06,1466
29,7.1,6.8,0.8,0.17,716
30,7.3,6.8,1.2,0.12,457
28,6.7,6.6,1,0.22,1104
28,7.4,6.8,1.3,0.06,274
29,4.5,6.6,2.4,0.16,1572
28,6.1,6.9,1.8,0.19,1074
30,5.9,7.3,1.6,0.14,962
30,2.4,6.5,4.8,0.35,7980
31,4,6.8,1.8,0.34,818
29,5.4,7.6,1.6,0.07,290
30,5.3,7.6,1.4,0.08,952
29,7,6.9,0.8,0.21,667
29,5.9,7.7,2.1,0.08,1200
29,7.1,6.5,1.7,0.13,2926
29,6.9,7.7,3.3,0.56,53
30,6.6,7.9,3.2,0.52,44
27,6.6,7.7,3.6,0.65,25
27,6.8,7.7,3.4,0.63,23
27,4.8,7.2,8.4,2.08,177
23,6.4,8,4.2,3.91,17
29,6.8,7.6,3,0.54,124
29,6.7,7.5,4.6,0.6,47
28,5.8,7.9,9.5,1.42,231
29,6.9,7.7,3.1,0.42,69
25,4.9,7.6,55.5,2.18,560
28,6.9,7.9,2.7,1.58,4
29,6.8,7.5,3,0.6,124
29,6.7,7.3,2.9,0.59,100
29,5.6,6.9,4.5,1.72,58
29,6.5,7.3,3,0.59,132
30,7.1,7.5,3,0.6,136
30,6.4,7.3,3.1,0.6,68
29,6.9,7.7,2.9,0.55,135
25,7,7.9,2.9,0.55,30
30,6.4,7.6,3.7,2.14,5
30,6.9,7.7,2.8,3.6,4
31,6.3,7.7,3.5,1.1,4
30,6.5,7.5,3.4,1.72,4
30,6.3,7.4,4.7,2,4
28,6.5,8.1,4,0.55,46
28,7,8,3.5,0.64,190
28,7,8,2.9,0.56,31
27,6.8,7.8,3.3,0.56,33
27,6.4,7.6,3.2,0.96,62
26,6.7,7.7,3,0.89,30
27,6.7,7.6,2.9,0.76,24
28,6.6,7.8,3.5,0.57,30
23,7,7.7,2.4,0.93,4
22,6.8,7.6,2.9,0.81,4
23,6.9,7.5,2.3,3.93,4
26,7,7.2,0.8,0.62,279
26,6.6,7,1.1,0.53,275
26,6.6,7.3,0.7,0.57,281
26,6.2,7.3,0.8,0.55,303
26,7.1,7,1,0.34,170
26,7,6.7,1.1,0.37,158
29,6.7,7.3,1.1,0.35,1163
28,6.2,7.3,1,0.46,296
28,7.1,8.1,0.9,0.56,524
29,6.3,6.3,1.2,0.67,224
26,7.3,7.2,0.6,0.31,468
26,7,7.3,0.9,0.29,256
28,6.8,7.1,0.8,0.5,693
29,7.4,7.2,0.7,0.11,54
28,1.7,6.6,3.4,1.11,556
26,6.1,7.5,1.4,0.25,920
26,6.6,7.2,0.8,0.77,332
25,6.6,7.2,0.8,1.01,392
29,6,6.7,1.2,0.29,253
29,6.6,6.8,1,0.2,275
28,0.6,6.7,4.1,1.28,400
27,1.8,6.6,2,0.39,399
25,7.1,7.2,1,0.34,251
26,3.9,7.6,2.5,0.59,4830
27,6.6,8,1.1,0.54,517
27,7,7.1,0.8,0.35,45
29,7.3,7,0.7,0.18,65
29,0.5,7.1,21.2,4.41,3317
29,7,7.4,0.9,0.32,800
29,6.1,6.8,1.1,0.58,80
27,7,6.7,1.3,0.28,168
30,5.2,6.9,1.5,0.37,71
27,6.1,8,1.1,0.72,784
27,6.5,6.9,1.8,0.52,711
25,7.9,7.2,1.1,0.3,319
25,7.5,6.9,0.9,0.14,110
26,7,7.4,1,0.38,496
29,7.3,7.3,0.9,0.23,1088
27,7.5,6.9,1.6,0.45,970
27,6.8,6.9,1.7,0.4,825
27,5.8,7.3,0.9,0.88,232
28,7.1,7.2,0.8,0.31,67
26,6.8,7.1,0.7,0.46,2010
29,5.7,7.3,1.5,0.35,46
27,6.7,7.1,1.2,0.39,964
28,7,6.9,0.9,0.17,56
29,6.5,7,1.3,0.27,63
28,6.6,7.3,1.4,0.39,838
29,7,7.3,0.8,0.18,631
26,6.3,7.2,0.8,0.56,357
28,6,7,1.1,1.04,243
28,4.4,7.1,1.5,1.17,358
28,4.5,7.2,1,1.04,279
28,5.1,6.9,2.1,0.68,408
27,7.5,7.2,1.1,0.27,282
28,6.8,7,1.3,0.32,648
28,6.8,6.9,1.4,0.23,388
28,5.9,6.8,2.2,0.62,386
28,4.9,6.7,2.2,0.28,480
28,6.8,6.9,1.4,0.25,236
28,7.1,6.9,1.2,0.29,451
26,6.9,6.6,1.1,0.3,177
28,6.5,6.3,1,0.22,87
29,4.9,6.6,2.1,0.76,250
28,4.2,6.5,1.4,0.39,210
28,6.9,7.1,0.9,0.16,152
26,6.6,6.7,0.8,0.38,185
29,4.5,6.6,2.1,0.34,196
29,6.2,7.2,1.3,0.22,61
27,6.6,7.1,1.1,0.26,126
29,6.3,7.3,1.2,0.29,725
27,6,7.6,1.1,1.1,3
27,6,7.8,1.1,1.47,3
20,5.8,7.4,0.6,0.73,4
24,6.1,7.5,0.5,0.34,4
28,6.4,7.1,2.3,0.62,209
27,7.1,7.4,1.9,0.72,419
32,6.7,7.2,1, ,11
30,6.8,7.1,1, ,13
22,7.8,7.9,1.5,0.35,7742
22,7.7,8.1,2,0.75,12675
24,6.9,7.6,1.6,1.39,3066
27,7.3,8,1.6,0.69,2346
26,6.8,8.1,2.6,1.16,2428
25,7.2,8.1,3.1,1.46,2196
28,8,8.3,1.4,0.73,1618
29,8.2,8,2,0.94,624
26,7,8,1.8,1.11,1503
28,7.2,8.1,1.6,0.36,1239
31,6.8,7.8,2.1,0.02, 
25,6.5,7.9,3,0.3, 
25,6.9,7.4,3,0.37, 
25,6.8,8.1, ,0.28, 
26,6,7.3, ,0.23, 
27,6.8,7.5,2.1,0.51,274
23,7.3,7.6,1.9,0.06,32
25,7,7.7,2.2,0.08,53
26,6.7,7.7,3.1,0.22,123
29,7.2,7.2,2.1,0.14,33
24,7,7.1,1.9,0.08,47
24,7,7.5,1.7,0.06,32
29,7.4,7,15.6,0.15,76
29,7.2,7.3,2.9,0.08,46
24,7.1,7.4,1.8,0.07,34
29,7.2,6.9,3.8,0.07,44
26,6.7,7.6,3.3,0.16,90
27,6.7,7.6,4.1,0.15,92
32,0.2,7.2,185.8,1.75,180000000
 ,6.8,8,3.1,0.88, 
21,5.5,7.4,8.8,5.08,1400
24,5.5,7.4,25,6.8,32000
21,5.3,7.3,9.9,5,2150
24,5.1,7.4,21.9,6.63,36250
21,5.3,7.5,13.5,5.08,20000
18,4.9,7.4,17.5,4.77,22000
22,4.3,7.5,24.5,7.65,33750
22,4.8,7.4,26,8.6,31750
21,5.1,7.4,16,14.85,3475
24,5.3,7.4,26.9,8.1,36250
22,4.9,7.4,27.8,6.78,19000
22,5.2,7.4,20.5,6.18,14750
 ,6.4,7.9,21,5.9, 
 ,6.6,7.8,18, , 
 ,6.4,8,19.5, , 
33,4.8,7.5,2.4,0.72,3
20,7.7,7.4,1.2,0.37,9
20,7.3,7,1.4,0.38,13
20,7.1,7.7,1.5,0.34,13
20,3.3,7.5,185,1.75, 
18,6.2,7.5,41.5,4.08,105
24,6,8.3,1.4,0.43,5
19,5.9,7.3,1.5,0.36,4
23,6.4,8,1.2,0.35,5
24,5.9,7.9,1.5,0.48,4
23,7.3,7.4,2.1,0.58, 
28,8.5,7.5,2.7,NAN,NAN
29,8.9,7,1.9,NAN,NAN
30,8,7.8,2.1,NAN,NAN
30,7.5,7.7,1.2,NAN,NAN
28,8.5,7.6,2,NAN,NAN
29,8.4,7.5,1.9,NAN,NAN
30,8.7,7.2,3.2,NAN,NAN
29,6.5,7.7,8.2,NAN,NAN
28,8.6,7.5,4.6,NAN,NAN
28,8.9,7.5,1.2,NAN,NAN
30,9.8,8.4,1.2,NAN,NAN
28,7.6,7.5,1.3,NAN,NAN
29,8.7,7.6,1.2,NAN,NAN
28,8.4,7.4,2.4,NAN,NAN
29,8.7,7.6,2.5,NAN,NAN
32,8.2,7.4,1.9,NAN,NAN
32,8,7.2,1.4,NAN,NAN
30,8.4,7.6,1.5,NAN,NAN
29,9.4,7.8,1,NAN,NAN
31,8.1,8,2.4,NAN,NAN
29,8.1,8,1.8,NAN,NAN
30,8.7,7.6,2.6,NAN,NAN
29,8.7,7.6,1.9,NAN,NAN
30,9.2,7.6,1.9,NAN,NAN
29,8.3,7.7,2,NAN,NAN
29,5.9,7.1,6.6,NAN,NAN
30,4.3,7.4,12.3,NAN,NAN
29,8.2,7.1,3.3,NAN,NAN
28,11.1,7.6,3.6,NAN,NAN
29,7.4,7.1,2.7,NAN,NAN
28,8.2,7.6,2.1,NAN,NAN
29,8.5,7.5,3.6,NAN,NAN
28,11.4,7.2,1,NAN,NAN
29,8.9,7.6,1.7,NAN,NAN
30,9.3,7.6,2.3,NAN,NAN
28,9.1,7.3,3.9,NAN,NAN
28,7.9,7.3,0.8,NAN,NAN
29,8.7,7.4,2.2,NAN,NAN
30,8.1,7.3,2.2,NAN,NAN
30,8.2,7.4,2.2,NAN,NAN
25,7.7,7.2,1.8,2.67,22
25,7.6,7.2,2.5,2.41,20
25,9.9,7.2,1.5,2.31,21
24,7.6,7.4,2.1,2.89,276
22,5.5,2.9,6.8,1.12,18
16,7.6,7,1.3,3.01,11
17,7.7,7.1,1.4,2.89,9
23,8.3,7,1.7,2.86,16
25,6.9,2.6,3.2,1.17,3
25,7.7,6.3,2.1,3.88,180
25,8.8,7.3,1.5,1.62,15
25,7.3,7.3,2,1.65,17
20,7.5,7,1.7,2.2,18
22,7.8,7.1,1.6,2.62,15
20,7,7,2.4,3.03,1967
21,7.5,6.3,1.7,0.82,7
16,6.4,6.9,2.6,3.88,227
17,7.5,7.1,1.4,2.88,12
17,8,7.1,1.4,3.35,10
24,7.9,7.3,1.7,5.02,295
18,7.5,6.9,1.9,4.92,20
18,7.9,7.2,1.7,2.72,20
18,8,7.2,1.4,2.47,5
25,7.7,7.1,1.5,3.42,16
19,7.2,7.1,1.6,2.86,17
21,8.2,7.1,1.2,2.81,15
21,7.8,7.1,1.5,2.97,19
18,3.9,7.1,16.9,16.61,16500
18,4.9,7.1,14.2,11.61,10417
19,2.7,7.1,35.4,14.84,41000
19,2.5,7.1,37.2,11.81,53083
18,8,7,1.4,3.8,17
24,8.4,7.1,1.2,3.08,18
17,6.8,6.6,1.9,3.07,18
18,2.1,7,45.6,10.61,51250
19,4,7.1,22.4,10.47,29500
24,7.7,7.2,6.6,3.02,285
22,7.6,7.1,2,2.6,37
20,7.7,7.1,1.6,3.93,8
20,7.7,7.1,1.9,3.89,11
24,6.5,7.4,1,0.13,26
24,6.3,7.5,0.9,0.14,5
24,6.5,7.2,1.1,0.17,33
24,6.9,6.9,1.1,0.18,38
28,6.6,7.8,1.6, ,268
28,6.4,8,3.9,0.5,512
27,6.5,8,4.2,0.99,488
29.1,6.7,7.7,5,1.31,NAN
27,4.2,7.9,18,7,NAN
28.1,4.6,8,158.8,6.88,35
29.1,4.8,7.8,164,3.42,NAN
27.7,6.7,8.5,NAN,3.1,NAN
27.1,6.7,8.3,NAN,NAN,NAN
27.1,6.8,7.8,NAN,NAN,NAN
27.3,6.8,8.5,NAN,0.11,NAN
27,4.2,8.2,42,NAN,NAN
27.6,7.1,7.3,1.4,0.84,3
28.2,5,8.3,4.1,1.48,7
28,6.7,8,1.5,0.18,1500
28.5,5.8,7.7,2.5,0.22,1900
29.5,5.9,7.6,3.9,0.07,1200
27,7.6,7.7,10,0.34,23
29.5,6,7.7,3.6,3.12,900
27,4.3,8.4,6.5,1.68,5
26.7,3.7,8.2,4.3,1.66,6
27,4.6,7.2,4,0.33,900
26.8,6.2,8.4,1.3,0.24,NAN
28.7,6.8,6.5,1.1,0.42,8
29.3,6.6,7,1.1,0.27,8
28.8,6,6.2,1.5,0.28,9
28.3,5.9,6.6,1.1,0.18,8
25.8,7.3,6.1,0.9,0.33,6
28.3,7.3,5.9,1.5,0.22,8
27.8,6.7,6.3,2,0.44,10
26,6.8,6.2,1.6,0.18,9
27.8,7.1,5.9,1.8,0.28,9
26.3,7.4,6.2,1.3,0.41,11
25.7,7.3,6.2,1.2,0.33,9
29,7.3,5.9,1.3,0.27,6
26.9,6,5.9,1.8,0.31,10
27,6.1,6.5,2,0.43,9
27.5,6.2,6.3,1.8,0.31,7
28.3,7,6.5,0.9,0.22,7
29,7.3,6,1.6,0.11,8
28.2,7.1,7.9,3.3,0.42,65
NAN,7.1,7.7,4.4,0.32,NAN
27.4,7,8,3.5,0.49,40
27.3,7,8,3.3,0.46,33
28.5,5.7,7.4,6.3,1.47,400
28.4,5.9,7.6,4.9,2.47,23
28.4,7,7.7,3.8,0.4,131
28.9,6.2,7.4,5.1,0.95,209
28.2,5.9,7.8,6.8,1.61,114
28.9,7.2,7.9,3.2,0.42,164
27,3.2,7.4,46,1.67,908
27.9,6.8,7.8,2.6,1.99,2
26.8,6.9,7.5,3.2,0.55,252
27.2,6.9,7.5,3.4,0.54,149
26.8,6.1,6.9,4.2,3.1,65
26.9,6.8,7.4,3.2,0.86,51
26.8,6.7,7.4,3.2,0.75,45
26.9,6.6,7.4,5,0.74,67
26.9,6.7,7.5,3.6,0.73,85
26.2,7.1,7.9,3.2,0.45,74
27.4,6,7.4,59.1,3.08,4
26.4,6.7,7.7,2.3,2.04,5
26.7,6.3,7.9,2.5,2.32,2
27.3,6.3,7.9,2.4,6.41,4
27.4,6.3,7.7,4.4,5.37,4
27.6,7,8.3,3.8,0.48,44
27.5,7,8.3,3.6,0.44,47
27.5,7.1,8.3,3.2,0.48,67
26.9,6.8,8.2,4.3,0.45,28
25.9,6.8,7.8,3.4,0.5,601
25.9,7,7.8,3.4,0.44,42
26,6.9,7.8,3.3,0.76,85
26.9,6.8,8.2,4,0.49,49
24.8,6.7,7.8,2.5,0.83,2
26.2,6.7,7.8,2.5,0.77,2
25.3,6.9,7.7,2.2,0.93,2
26.6,7.1,6.9,0.5,0.25,278
26.8,6.6,6.9,0.9,0.49,223
26.6,6.9,7.1,0.8,0.18,46
26.8,7.2,7,0.8,0.16,94
29.3,6.3,6.9,1.3,0.99,750
25.4,7.2,7.4,0.9,0.46,1325
25.5,6.9,7.5,0.8,0.55,1000
26.6,6.5,6.9,1.3,0.47,468
24.7,7.1,7.1,0.6,0.4,283
24.8,7.1,7.1,0.6,0.35,229
28,7.5,7.2,0.6,0.15,285
27.4,2,6.8,2.4,2.3,1525
26,5.6,7,1.2,0.41,725
27.4,7.1,7,0.6,0.64,338
26.5,6.1,7,0.8,0.66,500
28.4,6,7,1.1,0.13,183
28.8,6.5,7.5,0.8,0.08,275
26.7,1.5,6.6,3.6,0.92,881
26.4,2,6.8,2.4,0.2,456
26.5,7.2,7.1,0.6,0.15,298
25.5,4,7.5,1.1,0.76,945
28,7.2,7.3,0.9,0.25,330
28,0.8,7.1,11.9,1.87,4250
27.9,6.4,6.5,1.3,0.34,255
28.1,6.3,6.8,1.2,0.16,73
28.6,5.4,6.6,1.6,0.27,335
25.3,5.8,7.8,1,0.24,993
28.3,6.6,7.2,1.1,0.13,88
26.1,7.7,7.2,1,0.28,29
24.3,7.1,7,0.4,0.11,73
26,7.3,7.2,0.6,0.19,160
28.5,7.8,7.1,0.7,0.87,875
26.6,7.3,7.1,1.3,0.41,415
26.8,7,6.6,1.5,0.49,500
28,6,7.2,0.7,0.38,765
26.2,6.8,6.6,0.5,0.44,1225
28.5,5.6,7.1,0.6,0.58,433
26.5,7,7,1.1,0.43,768
29.3,6.7,6.9,0.5,0.22,308
29.3,6.2,7.2,0.8,0.39,830
27,7.3,7.2,0.8,0.95,525
27.3,7.6,7.2,0.6,0.65,463
27.9,6.4,6.8,0.5,0.42,175
27.8,7,6.6,0.6,0.75,295
27.8,6.7,6.8,1.2,1.21,310
28.3,6.7,6.6,0.9,1.35,428
27.5,5.6,6.9,1.5,0.4,655
26.3,7.4,7,0.9,0.26,386
27,6.7,6.9,1,0.3,1043
27.4,7.1,7.3,1.5,0.36,595
27,6.2,6.8,1.6,0.39,1129
27.4,5.2,6.8,1.8,0.33,1123
27.3,6.8,6.9,1.1,0.24,349
27,6.8,6.9,0.9,0.45,39
27.8,6.2,6.6,0.7,0.21,715
28.4,4.5,6.5,1.1,0.34,400
28.8,4,7,0.9,0.03,98
28.8,7,7.4,1,0.12,230
25.9,6.5,6.8,0.5,0.24,303
28,4.6,6.9,0.6,0.11,168
28.5,6.6,7.3,0.6,0.71,1326
28.8,7.1,7,1,0.78,750
27.6,6.2,7.5,1.1,1.62,3
27.6,6.2,7.7,1.3,2.41,3
28.3,7.3,7.1,2.9,1.17,100
27.5,7.7,7.4,1.4,0.64,378
30.5,6.5,7.3,1,2.6,236
29.5,6.9,7.4,1,1.28,46
22.3,7.5,8,1.9,0.39,3005
22.3,7.2,8,3.7,0.63,6625
25,7,7.6,1.6,0.67,1081
25.9,7.5,7.9,1.5,1,1615
25.9,7.1,7.7,2.3,1.73,2882
24.8,7.4,8,1.7,0.65,3113
27.5,8.1,8,2.3,0.45,2272
28,7.8,8,2.1,0.59,277
25,7.4,8,1.5,0.53,1356
25.8,7.2,8,1.4,0.57,677
26.8,6.5,8.1,1,0.65,NAN
31,3,8.1,NAN,0.1,NAN
32,6.9,8.2,NAN,0.02,NAN
31,6,8,NAN,0.07,NAN
28,4.8,7.7,NAN,0.34,NAN
28.4,6.3,7.6,1.8,0.24,738
24,7.4,7.6,1.2,0.09,NAN
NAN,6.9,7.8,3.4,1.21,NAN
24.8,5.8,7.2,8.5,3.83,1089
24,5.6,7.4,15.3,15,16750
25,5.4,7.3,10,4.2,4278
23.3,5.7,7.3,14.3,13.75,20250
25.8,5.7,7.5,24,14.18,7863
25.8,3.5,7.4,20,13.2,8000
25.8,3.2,7.6,27.3,19.2,20250
26,4.7,7.3,32.8,16.4,14388
26,4.8,7.4,16,5.03,3138
24.4,5.3,7.5,18.3,15.8,27000
23.4,5.6,7.5,34.5,12.15,22000
24.3,5.4,7.4,22,8.3,10000
17.7,6.1,6.8,14.7,NAN,NAN
17,6.1,6.8,14.7,NAN,NAN
17.3,6,7,15.3,NAN,NAN
28,4.8,7.9,3.2,0.68,6
32,5,7.3,2.8,0.14,4
21.4,8.3,7.6,1,0.49,9
22.3,8.2,7.7,1.2,0.48,11
18.3,3.1,7.8,195.4,4.78,NAN
22.8,8.3,7.6,1.2,0.51,12
21.8,5.5,7.6,7.6,1.02,81
26.9,5.1,7.8,1.7,0.26,6
27.3,5.3,7.8,1.7,NAN,NAN
19,8.7,7.1,4.9,NAN,NAN
26,5.1,7.2,1,NAN,NAN
19,10,7.4,0.6,NAN,NAN
21.8,5.9,7,1.6,NAN,NAN
22.3,6.1,7.3,1.4,NAN,NAN
22.3,5.6,7.1,1.4,NAN,NAN
22.3,4.7,7,1.9,NAN,NAN
23,5.5,8.6,4.5,NAN,NAN
23,6.8,6.8,1.5,NAN,NAN
23,7,7.4,1,NAN,NAN
23,7.3,7.8,1.2,NAN,NAN
22,5.5,7.3,1.2,NAN,NAN
22.3,4.7,7.4,1.6,NAN,NAN
27,4.9,7,1.2,NAN,NAN
30,5.8,7.8,6.2,NAN,NAN
23,5.8,7.4,1,NAN,NAN
23,6.2,6.9,2.1,NAN,NAN
22.7,5.5,7.7,1.2,NAN,NAN
23,5.1,6.9,2.3,NAN,NAN
23.5,5.2,7.1,2.8,NAN,NAN
23,4.6,7,2.8,NAN,NAN
23.5,5.6,6.6,1.9,NAN,NAN
23,1.9,6.8,15.3,NAN,NAN
23,2.5,7.1,16.7,NAN,NAN
22.5,5.5,6.9,2.8,NAN,NAN
23,6,7,4.2,NAN,NAN
22.5,4.9,6.9,3.6,NAN,NAN
20,4.8,7,2.8,NAN,NAN
22.7,5.4,7.2,1.1,NAN,NAN
26,6,7.5,1.1,NAN,NAN
19,5.6,7.1,4.4,NAN,NAN
22.5,5.7,6.9,2.3,NAN,NAN
18.9,9.9,7.1,1,NAN,NAN
21,6.1,7.6,4.5,NAN,NAN
22.5,5.1,6.9,2.5,NAN,NAN
23,3.8,7,3,NAN,NAN
24.4,7.8,7.2,1.9,0.56,263
21.8,6.5,3.1,6.1,0.52,32
20.8,7.3,7,2.2,0.69,2085
25.2,7.8,7.1,1.9,0.52,303
24,7.7,7.1,7,0.84,303
23.4,8.1,7.1,1,0.11,2
23.4,8,7,1.1,0.11,3
23.2,6.9,7.2,1.1,0.11,6
23.3,6.8,7.1,1.3,0.11,8
28.4,6.6,7.8,1.8,NAN,209
28.6,6.3,8,3.4,0.3,380
28.5,6.6,7.9,4.4,0.8,425
29.9,5.6,7.5,25,18.73,5
29.9,3.7,7.5,13.5,25.71,NAN
29.8,4.7,7.6,21.5,19.69,NAN
30.2,5.8,7.8,NAN,2.61,NAN
29.7,6.6,7.7,NAN,2.66,350
30.1,6.6,7.4,NAN,3.6,NAN
30.3,6.2,7.8,NAN,3.67,4
29.8,5.8,7.7,NAN,10.45,4
26,5.1,8.1,3.7,0.45,3900
27,7.1,8,2,0.35,7500
27,6.8,8.2,3.1,0.62,9000
29.3,8.1,7.6,8.6,0.4,22
28.4,6.2,7.8,2.7,0.26,2880
32,NAN,7.2,46,0.2,80
28.3,3.2,7.7,6.3,0.51,3900
29.3,6.6,6.5,1.8,0.87,0
28.8,6.6,6.6,1.5,0.65,4
29,6.3,6.6,1.8,0.36,8
28.8,6.4,6.4,2,0.44,15
27.3,6.9,6.2,1.7,1.07,7
28.3,7.2,6.1,2.6,0.92,8
29,6.9,6.6,1.9,0.83,17
27.6,7,6.3,1.6,0.42,8
28.8,7.6,6.2,1.1,0.38,12
28.3,7.1,6.2,1.4,0.56,7
27.8,6.8,6,1.9,0.75,9
28.5,7.1,6.2,1.4,0.68,6
28.1,6.3,6.2,1.5,0.59,8
29,6.2,7,1.8,0.46,11
29.5,6.2,6.8,1.7,0.61,8
30.2,6.9,6.5,1.4,0.6,10
28.3,6.7,6.2,0.9,0.57,8
28.7,6.8,7.9,3.5,0.58,286
26,7,7.7,3.2,0.13,8
NAN,6.9,7.3,3.4,0.19,NAN
NAN,7.4,7.2,3,0.23,NAN
24,7,7.4,4,2.16,95
32.1,5.5,8.1,8.4,2.15,16
30.3,6.9,7.5,3.6,0.4,316
30.1,6.4,7.4,37.8,1.79,413
28.8,5.2,7.9,9.5,1.1,126
28.7,6.9,7.4,3.5,0.27,482
29,3.4,7.4,31.5,3.32,1767
28.5,7.4,8.1,2.2,0.15,3
27.7,6.7,7.4,3.7,0.4,514
28.6,6.6,7.5,3.9,0.4,129
27.1,6.1,7.3,5.1,2.02,82
27.1,6.6,7.4,3.6,0.46,172
27,6.5,7.3,3.8,0.79,108
26.8,6.7,7.3,3.4,0.57,133
26.8,6.6,7.4,3.7,0.53,147
26.4,6.8,7.7,3.6,0.43,38
22.1,6.3,7.5,2.9,1.93,5
22.3,7.1,7.4,2.2,0.63,4
22,6.7,7.5,2.5,1.47,4
22,6.6,7.5,2.4,0.3,6
22,6.7,7.8,2.4,1.02,3
28.2,7.1,7.7,3.1,0.53,41
28.2,7.1,7.9,3.1,0.47,31
28.3,7.1,7.8,3.3,0.44,33
NAN,7.2,7.5,4,0.15,NAN
26.3,6.4,7.7,3.6,0.77,504
26.1,7,7.7,3.4,0.42,179
26,6.6,7.6,3.4,0.68,97
NAN,7.5,8.2,3.5,0.14,NAN
27.6,6.9,7.5,2.2,0.42,2
27.6,6.8,7.7,2.3,1.33,3
27.3,7,7.7,2.1,0.5,3
27.4,5.2,6.6,1.5,0.38,644
27.3,7.2,6.8,1.1,0.24,513
26,7,7.1,0.5,0.44,385
26.2,7,7.1,0.6,0.34,240
27.5,7.2,7,0.6,0.26,285
28.1,6.7,6.9,1.2,0.46,385
28.2,6.5,6.5,1.1,0.52,610
27.6,0.6,7,14.1,1.49,8542
28,6.6,6.8,0.9,0.56,448
24.3,6.8,7.3,0.6,0.4,598
25.8,7.3,7.4,0.6,0.44,245
27.8,6.5,6.7,1.2,0.26,562
26.3,7.2,6.5,0.9,0.46,1225
28.5,7.4,6.9,0.9,0.56,575
29.3,6.5,6.5,1,1.62,420
27.6,6.6,6.9,0.9,0.37,319
28.1,7.1,7,1,0.66,985
27.8,7.5,6.8,1.3,0.6,178
28.1,5.4,6.7,0.9,0.42,463
26.6,7,6.9,0.7,0.45,465
27.8,7.1,6.9,0.6,0.73,300
29.3,6.5,6.7,0.9,1.25,370
28,6.7,6.6,0.8,0.12,295
23.8,7.1,6.8,0.6,0.22,86
26.3,6.9,7.1,0.5,0.33,225
27.9,6.7,6.8,1,0.53,108
28.4,6.2,7,1.4,0.27,670
27.1,7.5,7.3,0.8,0.31,1253
28.5,7.6,7.3,1,0.63,1175
28.1,2.2,6.4,2.3,1.29,1125
26.4,7.4,6.7,0.7,0.51,281
27.1,7,6.8,0.7,0.43,225
26.9,5.3,6.9,1.3,0.66,305
28.6,6.3,7,0.7,0.85,230
27.9,6.7,7,0.5,0.29,208
28.4,6,6.4,1.4,0.61,193
29,4.2,6.6,1.7,0.56,253
28.8,5.1,6.7,1.9,0.63,405
27.8,5.3,6.4,1.1,0.11,345
28.5,6.9,7,0.9,0.08,300
26,2.8,7.4,1.6,0.47,1050
26.5,5.3,7.2,0.9,0.26,1600
28.4,6.5,5.8,0.4,0.54,123
28.1,6.9,6.1,0.6,0.49,73
26.8,7,6.6,0.8,0.42,123
28.6,5.6,6.4,1,0.4,165
28.1,6.8,6,0.5,0.25,590
29,6,5.9,1,0.63,73
28.8,6.3,7,1.4,0.22,963
28,6.5,7.6,1.1,2.41,3
27.4,6.4,7.7,1.1,3.34,3
28.8,7.3,7.3,4.2,2.43,116
30.8,6.8,7.8,1.9,0.67,145
28,7.5,8.1,2.1,0.4,3390
27.3,7.7,8.1,1.6,0.71,1930
29,7.6,7.9,1.4,0.13,1188
24.5,7.5,7.9,1.8,0.45,1225
24.8,7.4,7.7,1.9,0.3,1300
25.3,6.7,6.9,1.2,0.32,953
26.8,7.1,7.9,1.4,0.48,1065
29,6.7,7.9,1.1,0.24,735
29,7.4,8.8,2,0.05,NAN
28,6.4,8.3,2,0.05,NAN
28,6.9,8.8,4,0.05,NAN
28,6.3,6.6,NAN,NAN,NAN
24.8,7.4,7,1.6,0.05,78
27.2,7.2,6.8,1.8,0.09,78
27.3,6.6,7,2.5,0.33,233
28.4,6.9,7,1.9,0.25,83
26.8,7,6.9,1.7,0.4,87
25.2,7.2,6.9,1.5,0.2,83
28.4,6.9,7.2,2.3,0.13,108
28.2,6.4,7.6,3.3,0.4,253
24,7.6,6.6,2,1.8,90
29,6.9,7.2,1.9,0.49,60
25,6.8,6.7,2.1,1.84,280
25,6.6,6.9,2.3,0.59,110
15,6.5,7.6,18,12,NAN
23.5,6.1,7.8,16,14,NAN
NAN,6.5,8.4,2.7,0.62,NAN
15,6.9,7.8,18,16,NAN
20.3,5.6,6.7,10.8,2,1825
20,4.9,6.8,26.5,4.8,14000
20,4.9,6.6,13.1,2.6,2875
19.8,5.2,6.7,28,5.9,17500
32.7,3.3,7.9,1.3,0.97,5
34.5,4.9,8,1.2,0.35,4
19.8,5,6.9,25.5,3.8,15500
27,4.8,7.8,534.5,3.75,2200
20.5,4.7,6.7,25.3,7.7,23500
20.5,5.4,6.8,15.4,5.1,9500
20.5,5.1,7.6,26.5,6.6,20250
21,4.2,7.6,31.8,7.6,20000
20.3,4.8,6.6,15,3.3,6000
20,4.5,6.6,30.3,4.1,21000
20,4.7,6.7,26.8,3.7,13250
21.3,5.2,7.3,0.9,0.59,4
22.1,7.8,8.2,1.2,0.1,16
22.33,6.7,8.12,1.53,0.15,10
21.5,8,8.1,0.8,0.1,12
24,4.88,7.94,2.65,NAN,NAN
22,5.67,7.02,1.67,NAN,NAN
24,6,6.9,2.23,NAN,NAN
23,6.15,7.45,2,NAN,NAN
23,2.7,7.35,8.45,NAN,NAN
24,2.98,7.52,5.53,NAN,NAN
24,5.48,7.42,2.08,NAN,NAN
23,5.13,7.46,2.23,NAN,NAN
25,7.85,7.13,6.68,3.35,345
24,6.58,6.5,5.93,4,40
20,7.58,7.03,2.08,2.65,2350
24,8.23,7.05,1.4,3.2,243
25,8.23,7.38,1.55,3.55,255
22,6.6,7.3,1.3,NAN,8.5
22,6.8,7.2,1.5,NAN,NAN
23,6.8,7,1.5,NAN,8
23,6.4,6.7,1.4,NAN,19
28,6.5,7.7,1.6,NAN,302
28,6.2,7.7,3.5,0.2,532
29,6.3,8,4.2,0.3,524
28,7.3,7.4,0.7,0.3,6
29,6.5,7.5,16.4,0.4,15
30,6.1,7.3,12.5,18.6,180
30,6.3,7.4,136,16.9,158
30,5.9,7.5,56.5,7.7,180
30,6.6,7.8,NAN,4.1,180
30,6.2,7.4,8,3.2,265
30,6.7,7.7,4,2.6,137
33,6.8,8,21,1.5,180
30,5.9,7.4,12,58.1,7
28,7.3,7.4,0.7,0.3,6
30,5.7,8,7.4,0.5,14600
30,4.7,8.3,3.7,0.5,9166
28,5.8,7.8,3,0.5,10100
30,2.5,7.5,6,0.6,16
30,6.1,8.1,3.2,0.3,4300
30,0.6,7.1,36.5,1.7,4450
27,3.2,7.8,5.8,0.2,833
30,4.2,8.2,6.7,0.4,9750
28,2.9,8.3,5.6,0.1,49
29,5,7.7,3.1,0.1,41
31,7.2,6.3,1.6,0.41,13
29,5.5,7.8,1.3,0.21,2
30,6.2,6.9,1.3,0.48,13
29,6.5,6.8,2.3,0.04,5
24,8.1,7.7,2.6,0.1,79
27,7.8,6.4,2.3,0.08,49
27,7.8,6.4,2,NAN,13
28,7.2,6.5,1.6,0.25,17
27,4.2,7.6,0.7,0.18,2
26,6.5,6.4,1.6,0.13,8
28,7.4,6.9,2,0.15,5
28,5.4,7,1.7,0.92,29
27,6.6,7.2,1.9,0.34,105
29,5.1,7.5,2.3,0.38,1201
29,7.3,6.8,2.5,0.42,87
28,7.2,6.9,2.2,0.28,134
28,7,6.8,3,0.32,69
28,5.5,7.7,7.6,0.72,410
29,6.9,7.6,3.8,0.26,143
29,6.9,7.7,3.9,0.37,207
28,6.7,8,3.6,0.31,45
26,6.9,7.3,3.8,0.68,108
29,6.8,7.5,3.8,0.34,88
29,6.9,7.3,2.2,1.25,2
34,3.3,7.6,19.4,1.78,1195
32,5.4,7.2,11.7,0.78,279
22,6.2,7.2,2.5,4.11,6
26,7,7.4,3.8,0.26,152
35,6.6,8.1,3.9,0.26,165
28,8.1,6.3,1.1,0.31,100
27,6.9,6.8,0.8,0.22,261
27,6.9,6.9,0.5,0.23,393
26,6.7,6.9,0.6,0.28,433
27,7.3,7,0.7,0.66,228
28,6.7,6.7,1.3,0.4,309
29,6.5,6.6,1.2,0.37,142
26,0.7,6.6,12.5,1.48,40833
27,6.9,6.5,1,0.42,540
28,6.4,6.6,1,0.25,154
26,7.2,6.7,0.8,0.44,1000
29,6.8,7.1,1.5,0.5,130
28,6.1,6.7,0.9,0.33,655
27,6.8,7,0.6,0.93,240
28,7.1,7,0.8,0.71,540
27,7.4,6.6,0.7,0.29,288
26,6.4,7,0.8,0.73,271
26,7.2,6.7,0.9,0.28,335
27,6.2,7,0.6,0.93,282
29,6.1,6.7,1.4,0.55,825
28,6.6,6.5,0.8,0.13,195
26,6.9,6.7,0.3,0.2,40
27,7.3,6.5,0.5,0.21,233
28,6.2,6.6,1,0.93,233
29,5.2,7.1,1,0.13,518
28,7.4,7,1.1,0.11,1043
28,7.6,6.7,1.1,0.11,613
28,2.9,6.3,2,1.07,430
26,6.6,6.7,0.7,0.32,463
26,6.4,6.7,0.7,0.34,343
26,5.4,6.6,0.9,0.26,240
27,6.2,7,0.9,1.05,162
27,6.9,7.1,0.5,0.26,125
28,6.7,6.5,0.9,0.6,265
28,5.7,6.7,1.9,0.35,221
28,6,6.9,1.8,0.61,290
28,5.2,6.1,1.1,0.14,235
28,7.4,6.4,1.2,0.12,280
27,3.5,7.3,1.3,0.62,560
27,6,7.1,1.1,0.14,750
28,6.4,6.1,0.7,0.28,213
27,6.6,6.3,1,0.16,248
27,7.1,6.4,0.9,0.13,178
28,6.4,7.1,0.8,0.19,110
28,7.3,6.2,0.9,0.21,195
29,6.8,6.5,0.8,0.26,53
28,6.4,6.7,2.2,0.12,820
27,5.8,6.5,1.5,0.13,1800
28,5.2,7.2,1.2,0.18,843
27,7.7,6.8,0.9,0.08,1740
28,5.7,7.2,1.4,0.09,1845
25,6.7,6.3,1.2,0.2,1583
28,6.4,6.4,1.2,0.13,168
27,6.2,7.6,0.4,0.28,613
27,6.8,7.5,0.4,0.18,478
27,7.1,7.6,0.5,0.19,710
28,5.9,6.7,1.7,0.5,74
28,5.8,6.5,1.5,0.37,199
29,4.7,6.6,1.8,0.26,234
28,6.5,6.6,1.2,0.24,175
28,1.4,6.2,2.2,0.48,351
28,1.5,6.3,1.5,0.12,298
28,7,7.5,1.1,2.3,3
30,7.7,8.1,1.9,0.9,1675
30,7.5,7.9,1.3,0.6,613
28,7.2,8.2,1.7,1.7,2600
28,7.6,8.1,1.5,0.5,2360
28,7.3,8,1.3,0.5,1295
27,7.4,8,1.9,0.2,2950
27,7.2,7.7,2,0.7,1550
29,7.2,7.8,1.3,0.4,328
28,7,8.1,1,0.4,785
29,7.4,8.1,1.7,0.5,505
33,7.7,7.8,4,11,NAN
33,7.1,7.6,3,15.8,NAN
33,6.8,7.4,7,15.3,NAN
28,5.1,8.4,3,108.7,NAN
21,7.6,7.9,2.6,1.4,NAN
24,7.4,6.8,1.3,0.1,115
28,7.5,6.7,1.3,0.1,100
28,6.9,6.8,2.4,0.1,222
30,7,7,1.5,0.1,113
27,7.2,6.7,1.6,0.1,94
26,7.4,6.7,1.6,0.1,91
29,7.5,7.2,2.1,0.1,220
26,6.7,7.4,2,0.3,158
27,7,7.2,9.5,0.9,85
28,6.4,7,1,NAN,457
29,6.6,7.1,1.5,NAN,74
28,6.5,7.9,0.9,3.8,3
22,6,7.3,6,2.1,1000
21,4.9,7.4,14,4.4,8000
22,6.4,7.1,8.5,8.1,NAN
20,5.6,8.1,11.5,7.1,NAN
22,5,6.7,7.5,2.2,1300
21,5.6,7.3,14,4.2,8000
20,5.7,7.4,9.5,3.1,5000
21,5.3,7.4,10,3.1,7000
21,4.8,7.4,19,4.6,9500
23,2.9,7.3,13,3.9,3050
21,4.5,7.2,10.5,3.3,1100
20,4.8,7.5,10,4.1,7000
24,3.1,7.6,11.5,4.1,9000
25,3.1,7.6,10,3.7,6000
28,1.9,8.4,354,5.4,NAN
28,7,7.8,2.5,NAN,NAN
16,7.2,6.2,8,1.5,NAN
22,5.475,7.82,6.9,1.26,87.25
23,4.8,7.3,0.8,1.1,3
23,7.6,7.5,1.5,NAN,NAN
23,8.4,7.4,1.4,NAN,NAN
23,9,7.8,1.3,NAN,NAN
25,8.7,7.4,1.5,NAN,NAN
25,1.9,7.3,9.9,NAN,NAN
25,7.7,7.3,10.4,NAN,NAN
25,7.9,7.6,1.3,NAN,NAN
26,8,7.6,2.5,NAN,NAN
25,7.4,7.6,1.8,NAN,NAN
23,8.3,7.7,2,NAN,NAN
18,9.6,7.1,4.4,3,310
19,8.8,7.2,0.9,NAN,NAN
24,7.4,7.8,0.9,NAN,8
24,7.5,7.8,1.2,NAN,0
26,8.1,7.8,1.3,NAN,13
26,7.9,7.5,1.8,NAN,41
28,6.6,7.7,1.3,0,201
29,6.3,7.6,2.8,0.1,442
28,5.7,7.8,3.4,0.2,469
21,6.4,7.025,3.175,2.675,2225
25,8.35,7.125,1.525,3.075,252.5
24,8.45,6.95,1.2,2.6,222.5
NAN,NAN,7.6,NAN,2.13,NAN
25,7.2,7.8,0.28,0.15,19
25,4.9,7.4,9.7,0.64,14
27,5.1,7.8,2.73,0.6,64125
28,6,8.2,2.28,0.4,28650
30,6.1,8.1,1.9,0.43,16100
27,1.1,7.8,7.67,0.63,28
29,6.8,8,2.8,0.3,32120
25,4.5,7.6,7.43,0.53,99
25,6,7.3,5.58,0.7,14
30,0,7.1,46,4.8,3000
28,2.8,7.9,5.93,0.97,150250
29,5.6,8,2.13,0.1,503
28,4.1,7.9,16.5,0.1,58
29,6.3,7.9,1.83,1.22,105
30,6.6,7.8,2.25,0.01,10
28,6.8,7.1,1.65,0.07,22
27,6.5,7.5,4.55,0.05,20
28,7.1,8,1.25,0.02,3
26,7.6,7.3,0.95,0.03,240
26,7.4,7,2.45,0.13,467
27,7,7.3,1.5,0.02,30
29,5.4,7.3,1.8,0.06,350
28,6.7,7.2,1.4,0.1,18
28,6.8,6.9,1.9,0.03,25
25,5.6,6.8,1.9,0.06,82
28,5.2,7.2,1.65,0.04,37
26,6.2,7.1,2.1,0.09,920
31,3.6,7,2,0.09,33
30,6.8,7.2,2.6,0.08,33
28,8.1,7.1,3.2,0.21,1300
26,6.3,7.6,3.67,0.37,157
27,6.4,7.6,3.4,0.42,95
27,5.9,7.2,4.04,0.65,133
25,5.3,7.7,3.25,0.38,165
26,6,7.8,5.43,0.3,166
22,6.6,7.2,4.5,0.83,285
22,6.8,7.2,3.9,0.49,480
27,6.7,7.6,4.13,0.28,260
29,5.2,7,16.3,0.35,500
21,6.9,6.6,1.96,1.4,4
32,0.7,7.3,45.6,1.32,642
23,6.8,6.6,2.13,2.72,6
29,6.2,6.5,1.5,0.8,349
28,7.3,6.6,0.6,0.41,304
28,6.4,6.7,1,0.75,443
28,5.1,6.8,1.6,0.22,555
28,6.8,6.7,1.3,0.28,358
27,6.3,6.3,0.9,0.5,455
28,7.2,6.7,1.1,0.28,245
27,6.8,6.9,0.4,0.52,207
27,6.8,7,0.4,1.53,184
29,7.7,7.2,1,2,253
29,7.1,6.8,1.5,1.12,230
29,6.6,6.3,1.2,0.93,190
26,1.8,6.8,5.5,1.8,20458
26,6.7,6.2,0.6,1,425
26,5.8,6.3,1.1,2.97,525
26,5.1,6.3,1,3.1,700
26,6.6,6.2,0.6,1.97,475
27,6.6,6.4,0.7,3.13,400
27,6.7,6.4,0.5,3.6,500
26,6.6,6.3,0.6,1.07,624
27,5.9,6.4,0.7,3.53,375
27,7.6,6.7,0.7,4.17,295
27,6.5,6.7,0.8,2.83,30
29,7.3,7.4,0.7,4.1,490
27,6.3,6.7,0.7,2.03,190
26,6.9,6.6,0.4,1.4,0
27,6.8,6.7,0.4,1.47,30
29,5.9,7.1,0.7,4.13,118
28,6.4,7.1,1,5.2,760
28,7.3,6.7,0.9,2.8,293
28,7.6,6.6,0.5,3.4,85
30,2.4,6.7,2.1,3.97,220
27,7.1,6.8,1.2,0.4,620
27,6.4,6.7,0.5,0.2,1400
27,3.5,6.9,0.7,0.15,265
28,7.4,7.3,0.8,1.2,570
28,6.8,6.9,0.9,1.8,215
27,5.5,6.5,1.9,0.1,1300
31,5.4,6.5,4,0.1,320
30,4.8,6.8,1.1,0.1,730
28,5.8,6.3,0.7,0.1,633
27,7.3,6.6,0.4,0.25,297
28,5.8,7.5,0.8,0.25,435
28,6.2,6.7,0.5,0.15,510
27,7.3,6.1,0.7,0.2,150
27,7.6,6.3,0.5,0.2,1040
25,7.7,6.6,0.3,0.15,490
28,5.4,5.9,0.8,0.1,570
28,7.4,6.1,0.9,0.3,690
28,6.6,5.9,0.7,0.1,540
28,6.5,6.5,0.7,0.25,850
27,7.2,5.9,0.8,0.55,440
29,6.3,6.5,1.1,0.3,830
27,7.6,6.6,0.6,0.25,1660
27,7.3,6.5,1.4,0.5,1280
27,7.5,7,0.8,0.1,1400
26,4.4,7.3,0.4,0.15,285
27,6.8,7,0.4,0.25,255
29,1.7,6.2,3,0.45,672
29,3,6.1,2,0.13,268
28,6.9,7.8,0.89,0.86,152
32,7.7,8.1,1.83,1.01,1950
32,6.8,7.8,1.65,2,440
28,7.5,8.2,2.5,0.89,2600
26,7.6,8.1,1.35,1.43,2025
26,7,7.6,0.25,1.95,NAN
25,7.6,6.6,1.15,0.15,70
27,6.8,6.6,1.88,0.2,118
28,6.8,6.7,2.14,0.19,263
28,6.9,7.1,1.78,0.13,110
27,7.3,6.6,1.27,0.17,73
26,7.4,6.7,1.03,0.15,89
28,7.2,7.2,2.28,0.14,236
27,6.8,7.6,2.25,0.36,424
26,6.9,7.3,4.33,1,322
29,7,7.3,1,NAN,49
31,7,7.3,1,NAN,12
30,7.7,8.1,1.1,0.7,0
23,8,8.2,0.5,NAN,12
24,3.8,7.8,155.6,0.66,NAN
23,4.9,7.8,3.5,NAN,57
20,5.9,7.2,5.4,2.05,1950
21,5.3,7.4,27,3.35,48000
30,6.7,6.9,17.1,19.4,NAN
30,6.2,7,22.3,17.7,NAN
21,5.7,7.3,10.7,2.4,5450
21,5,7.2,26.1,3.05,32250
20,5,7.3,7.4,2.65,12500
20,5.1,7.2,13.5,2.55,22000
21,4.5,7.2,23.8,3.45,34000
21,4.4,7.2,18.1,3.75,17250
20,4.5,7.4,22.7,3.07,13000
21,5.2,7.5,28.5,3.55,28750
21,5.5,7.6,27.8,3.33,130500
21,5.6,7.6,25.8,3.23,22500
25,6.4,7.9,4.1,0.94,NAN
31,6.8,7,25.3,20.2,NAN
21,5.4,7.8,1.7,0.41,3
27,7.9,6.7,1.2,NAN,NAN
26,6.2,7.3,1.8,NAN,NAN
27,8.2,7.6,1.9,NAN,NAN
28,6.6,7.4,1.2,NAN,NAN
26,7.9,7.8,0.8,NAN,NAN
29,9,8,1.8,NAN,NAN
28,NAN,8,NAN,NAN,NAN
30,9.6,7.6,NAN,NAN,NAN
27,3.2,6.8,26,NAN,NAN
28,5.5,7.5,24,NAN,NAN
19,5,3.2,7,2.5,27
26,7,7.8,0.65,NAN,NAN
26,7.2,7.8,0.93,0.1,NAN
25,6.6,8,0.98,NAN,NAN
25,6.7,7.9,1.03,NAN,NAN
28,6.1,7.7,1.36,NAN,264
29,5.4,7.3,2.67,0.08,285
28,5.8,7.8,2.93,0.1,518
NAN,NAN,7.6,NAN,2.8,NAN
25,7,7.7,0.4,0.2,17
25,4.8,7.5,8.8,0.2,23
27,4.9,7.7,3.6,NAN,13950
28,6.4,8,2.4,NAN,12325
29,6.7,7.9,2.9,NAN,10725
28,5.7,7.6,4.2,0.4,5
30,6.2,8,3.1,NAN,10275
26,4.8,7.6,10.4,0.1,32
27,6.2,7.4,3.6,0.2,14
27,NAN,7.5,359,0.1,3
27,4.2,7.8,4,NAN,23575
30,6.8,7.5,2.5,0.1,582
29,6.5,6.9,1.5,0.1,555
29,6.5,7.1,1.6,0.1,1243
29,6.4,7.7,2.3,0.1,814
27,7.2,7.2,1.6,0.1,1554
28,7.2,6.8,2.1,0.1,5778
28,7.4,7.1,1.4,0.1,475
28,7.2,6.9,1.3,0.1,1009
29,7.4,7,2,0.1,700
28,6.3,6.6,1.6,0.1,1427
26,6.4,7.3,4,0.24,126
27,6.7,7.4,3.9,0.22,64
28,6.6,7.5,3.7,0.25,16
28,5.7,7.2,5.3,0.75,116
25,6.4,7.1,3.9,0.47,60
25,6.6,7.2,3.9,0.45,228
22,6.2,7.3,4,0.5,169
28,5.5,6.6,1.7,0.4,290
27,7.5,6.8,0.8,0.3,200
28,6.7,6.8,1,0.4,230
28,6.9,6.7,0.5,0.2,688
28,6.8,6.9,0.5,0.2,391
29,7.4,7.2,1.1,0.3,327
28,7.2,6.8,1.5,0.3,173
29,6.8,6.6,2,0.5,148
28,0.8,6.8,7.4,1,14825
26,7.1,6.1,0.6,0.5,1300
26,5.9,6.2,0.5,0.6,1100
26,5.1,6.2,1.1,0.4,1275
26,6.7,6.2,0.7,0.4,1325
26,5.8,6.2,0.6,0.3,975
26,6.4,6.2,0.7,0.4,1375
26,6.6,6.3,0.6,0.3,1033
26,5.4,6.2,0.7,0.5,1250
28,6.7,6.7,1.3,0.5,1655
27,6.4,7,1.4,0.7,3850
29,6.3,7.1,1,0.4,643
28,6.2,6.5,0.8,1.2,1075
28,6.9,6.4,0.5,0.2,83
27,6.8,6.5,0.5,0.2,98
28,6.6,6.9,0.7,0.3,338
28,7,7.2,0.3,0.3,68
28,7.5,6.9,0.5,0.2,138
28,7.4,6.8,0.3,0.2,160
29,2.8,6.6,2.3,0.6,263
28,6.2,7.6,0.5,0.5,1318
30,7.9,7.9,2.1,0.21,993
28,8.1,8,1.7,0.51,146
30,7.2,7.7,1.2,0.51,980
32,6.7,7.6,1.5,0.56,1460
29,7,8.1,3.5,1.2,NAN
26,7.5,6.5,1,0.15,108
28,6.8,6.5,0.9,0.11,111
29,6.8,6.5,1.8,0.15,295
32,7.8,7.2,1.9,0.15,128
28,7.2,6.4,1.2,0.12,67
27,7.4,6.5,1.5,0.12,98
31,7.6,7.1,2.5,0.15,226
28,6.8,7.2,2.1,0.32,213
27,7.3,7.3,2,1.28,333
28,6.9,7.2,1,NAN,14
29,7,7.2,1,NAN,4
22,7.9,7.9,2.5,0.25,11
18,3.9,7.9,74.8,0.78,NAN
24,4.9,7.6,19.6,1.8,328
20,7.4,7.5,2.1,1.23,1663
21,6.1,7.8,8.1,2.9,37250
24,4.9,8.1,26.3,18.1,NAN
26,4.5,8.3,25.3,15.8,NAN
21,6.7,7.6,7.4,2.88,22250
21,6.3,7.7,7.3,3.28,28250
22,6.4,7.7,4.2,2.2,60275
22,6.5,7.7,9.8,2.6,19750
21,6.4,7.8,13.8,2.53,56500
22,6.3,7.7,8.2,3.7,34500
21,6.2,7.6,3.7,2.23,8633
21,6,7.8,9.6,3,16250
21,5.9,7.8,11.1,3.5,94000
21,5.9,7.7,10.4,3.33,60500
22,6.5,8.2,2.2,0.05,NAN
25,6.6,8.2,26.3,15.5,NAN
29,NAN,7.2,50,0.27,NAN
30,NAN,7.4,50,0.4,NAN
29,1,7.3,49.7,0.6,NAN
19,5.6,7.4,2.2,0.38,5
25,6.7,7.9,0.4,NAN,NAN
25,6.5,7.9,0.6,NAN,NAN
24,7.3,7.8,0.5,NAN,NAN
24,7.7,7.9,0.4,NAN,NAN
23,6.2,7,1.6,NAN,NAN
23,6.4,7.4,2.1,NAN,NAN
23,6.4,7.6,1,NAN,NAN
23,7,7.6,2.4,NAN,100
23,3.6,7.2,4.9,NAN,NAN
23,3.7,7.5,4,NAN,NAN
24,7.1,7.3,2,NAN,NAN
23,7.1,7.2,2,NAN,NAN
22,5.8,7.6,1.7,NAN,NAN
24,8.4,7.9,0.8,NAN,NAN
20,8.1,7.2,5.4,1.95,213
18,6.1,3.1,5.5,2.73,32
16,8,7,1.7,1.6,1600
19,5.4,7.2,1.7,1.78,213
18,7,7,1.7,2.43,250
27,5.2,7.4,1.4,0.05,203
27,4.7,7.4, ,0.11,308
27,5.4,7.4,3,0.06,353
23,6.9,7.2,1.5,NAN,NAN
NAN,NAN,7.61,NAN,10.3,NAN
25,7.102,7.945,1.525,0.11,26
25.5,3.487,7.015,9.2,0.228,378
22,5.35,7.935,4.7,0.835,27650
25.5,7.05,7.995,4.7,1.195,13400
29.667,6.5,8.14,5.3,1.397,9200
25.5,NAN,7.885,15,0.42,3
29,5.6,8.173,4.6,0.46,4500
26.5,6.085,7.695,3.2,0.153,450
26.5,6.055,7.605,4.3,0.222,45
28,NAN,7.215,431.5,0.395,7
27,7.93,8.32,1.46,0.277,4
25.667,4.9,7.943,3.1,0.603,1810
27.75,6.625,7.725,2.175,0.123,2
27.75,5.175,6.95,1.5,0.7,75
30,6.4,7.45,2.025,0.155,1787
28.25,6.2,7.9,1.575,0.615,NAN
26.667,7.4,6.733,1.7,0.9,33
28.75,7.6,6.775,1.3,0.173,133
28,7.35,7.1,1.425,0.15,41
28.25,7.675,6.875,1.025,3.367,18
27.25,7.125,7.55,1.725,0.45,18
28.5,7,6.725,1.575,0.135,1956
27.714,6.543,7.229,4.014,0.307,8
28.714,6.7,7.307,3.857,0.264,9
28.667,7.1,7.507,4.633,0.21,10
26.667,6.333,7.277,5.4,7.187,15
26.714,6.471,7.379,3.729,0.309,10
28.286,6.371,7.061,4.5,0.346,18
19.333,6.7,7.44,4.4,0.65,23
29.083,6.2,6.457,1.757,0.326,253
27.417,7.286,6.586,1.071,0.233,222
27.286,6.525,6.5,1.313,0.227,334
28.6,6.917,6.95,0.467,0.112,165
28.667,6.8,7.043,0.414,0.153,238
27.786,7.075,7.25,0.988,0.369,238
28.143,7.013,6.712,1.4,0.397,262
27.5,6.787,6.65,1.637,0.4,294
28.571,4.1,6.775,6.788,1.373,2150
27,6.9,6.8,0.733,0.438,2000
26.5,6.867,6.833,0.633,0.575,1900
26.25,6.467,6.6,1.033,0.66,2100
26.75,6.667,6.933,0.933,0.893,2333
26.75,6.967,6.933,0.833,0.4,1600
26.5,6.733,6.867,0.933,0.455,1973
27,6.714,6.957,0.671,0.449,1457
26.75,6.733,6.733,0.9,0.743,1867
28,7.233,6.867,1.1,0.853,1600
27,6.233,6.9,0.867,1.267,1300
28.5,6.867,7.067,0.533,0.285,60
28.5,6.433,6.667,0.6,0.292,440
29,7.033,6.533,0.533,0.135,193
28.75,6.633,7.067,0.633,0.45,337
28,6.833,7,0.7,0.345,173
29.5,6.333,7.167,0.7,0.332,140
28,7.033,7.033,0.267,0.232,345
28.5,7,7.133,0.7,0.168,323
29,3.5,6.567,2.133,0.347,220
28.857,6.243,7.253,0.857,1.269,3333
21,6.9,8.2,2.8,2.12,1400
24,7.8,8.5,0.6,3.01,1700
33,7.3,8.6,0.9,4.8,NAN
27.5,7.95,6.565,1.5,0.08,24
29,5.8,6.6,1,0.265,25
31.25,6.975,6.725,1.5,0.22,34
NAN,5.35,7.19,1.325,0.263,11
30,7.525,6.61,1.5,0.283,10
29,7.15,6.56,1.1,0.25,22
NAN,4.325,7.045,2.075,0.25,25
27.5,6.925,7.633,2,0.217,325
27.25,6.825,7.125,3.667,1.525,316
26.667,6.7,7.267,1.333,NAN,6
26.333,6.75,7.3,1.667,NAN,29
21.25,5.87,7.84,4.35,NAN,NAN
17.667,6.033,7.367,3.267,0.667,2390
16.5,5.1,7.85,12,1.65,3050
18,4.867,7.367,12,1.367,3500
17.333,4.833,7.533,13.333,1.933,2300
17.5,5.1,7.367,6.933,1.4,2723
15,6.8,7.3,5.4,1.35,635
17.5,4.2,7.367,14.667,1.7,34033
18,5.533,7.3,9.333,1.567,35760
17.5,5.2,7.3,6.267,1.4,23723
18,4.2,7.733,21,1.4,10500
18.333,4.033,7.667,21.333,1.767,17433
18.667,4.133,7.633,20.333,1.667,38700
18,5.35,7.55,17,20.45,NAN
19,4.05,7.85,16,19.35,NAN
17.5,6.25,7.9,14,19.4,NAN
18.5,6.65,7.875,43,0.824,9650
19.5,7.2,9.01,4.6,2.955,12
22,6.27,7.89,149.75,NAN,NAN
20,6.1,7.1,3.1,0.3,4
26,0.6,7.3,87,6.8,NAN
27,NAN,7.9,130,8.3,NAN
27,NAN,7.1,126,6.7,NAN
16,7.2,7,5.2,2.6,140
15,4.6,3,6.2,2.2,33
10,8.8,7,1.6,5,1800
11,10,7.1,1,4,240
12,9,7.3,1.8,7.2,220
23.667,7.767,7.543,0.5,NAN,NAN
23.7,7.167,8.143,0.6,NAN,NAN
23.767,8.533,7.857,0.4,NAN,NAN
23.667,8.867,7.793,0.5,NAN,NAN
28,5.6,7.65,1.758,1.995,2636
NAN,NAN,7.76,10.825,5.657,NAN
NAN,NAN,NAN,1,1.01,1200
NAN,NAN,NAN,112,5.5,1200000
26,7.2,7.84,1.764,0.528,78
27,5,7.22,19.663,0.452,9625
29,6.2,8.11,11.333,0.39,14050
27,7.2,8.07,4,0.37,150
28,6.2,7.98,5,0.39,7147
28,3.9,7.92,14.847,1.412,6
29,7.2,7.42,4.632,0.791,10011
28,6.9,6.44,2.304,0.231,12
29,7.8,6.69,2.754,0.348,13
29,6.7,7.35,1.893,0.973,13
28,8.3,6.68,2.503,1.686,13
28,8.1,6.18,2.375,0.196,12
29,7.7,6.55,2.242,1.136,13
29,8.6,6.56,2.423,0.276,24
28,7.7,6.45,2.144,0.163,10
28,7.4,6.07,1.681,0.276,12
NAN,7,8.16,4.165,0.343,9593
NAN,5.9,7.36,6.1,0.083,1200
27,4.1,7.57,7.08,0.302,1035
27,3.9,5.27,441.8,0.512,3
NAN,5.7,7.62,2.12,0.86,1050
NAN,6.1,8,5.64,1.035,38143
14,6.2,7.88,9.75,17.387,NAN
19,6.3,8.05,13,10.89,NAN
27,7.1,7.2,1.6,0.48,74
28,7.4,7.27,1.333,0.17,NAN
28,7.3,7.3,4,0.08,NAN
NAN,5.9,6.6,1.755,0.326,170
NAN,7.4,6.68,1.164,0.204,125
NAN,7.1,6.75,1.325,0.18,147
NAN,6.8,6.92,0.458,0.117,151
NAN,6.8,6.98,0.475,0.206,211
NAN,6.8,7.03,1.117,0.146,118
NAN,7.2,6.76,1.692,0.449,127
NAN,6.2,6.63,1.275,0.444,128
NAN,6.6,6.77,1.383,1.54,2433
NAN,6.9,6.95,0.625,0.518,1525
NAN,6,6.75,0.975,0.792,1900
NAN,5.4,6.85,1.075,0.457,4955
NAN,6.7,6.93,0.675,0.77,2100
NAN,6.9,6.85,0.575,0.383,1933
NAN,6.5,6.98,0.575,0.345,1333
NAN,6.8,7.06,0.567,0.404,1769
NAN,5.8,6.73,0.7,0.315,1925
NAN,6.8,6.8,0.7,0.61,1100
NAN,7.1,6.83,0.7,0.835,850
NAN,6.3,7.15,1.05,0.223,98
NAN,6.3,6.95,0.65,0.208,253
NAN,6.9,6.65,0.5,0.095,130
NAN,6.4,6.75,0.675,0.193,197
NAN,6.8,7.35,1.15,0.14,215
NAN,6.8,7.08,0.975,0.165,127
NAN,7.1,6.98,0.55,0.152,123
NAN,7,7.23,0.425,0.09,140
NAN,2.4,6.43,2.025,1.05,133
27,6.7,7.56,4.942,0.447,11
NAN,6.8,7.68,4.475,0.4,12
NAN,6.5,7.33,4.4,0.33,13
NAN,5.1,7.45,9.875,1.81,7
NAN,6.5,7.34,5.125,0.819,11
NAN,6.6,7.47,4.958,0.667,16
NAN,6.6,7.75,4.5,0.505,15
NAN,7.9,7.85,3,NAN,NAN
NAN,7.4,7,2.027,NAN,NAN
NAN,7,7.9,3.525,NAN,NAN
NAN,6.9,7.73,3.233,NAN,NAN
NAN,7.3,7.77,4.043,NAN,NAN
NAN,8,7.8,3.4,NAN,NAN
NAN,5.5,6.58,11.57,NAN,NAN
NAN,7,7.43,8.693,NAN,NAN
20,6.6,7.15,7.475,2.1,208
18,6.4,3.05,5.067,4.8,18
15,7.1,7.03,2.1,1,1675
19,8.1,7.03,1.967,NAN,230
21,8.3,7.1,2.133,NAN,270
25,7.4,6.6,NAN,NAN,NAN
25,6.8,6.3,NAN,NAN,NAN
25,6.1,7.15,NAN,NAN,NAN
26,7.5,7.2,NAN,NAN,NAN
28,7.5,7.8,1.775,0.51,7448
30,7.5,7.35,2.25,0.745,1515
27,6,7.55,3.125,0.895,2600
32,6.3,7.43,2.175,0.76,2825
29,6.1,8.33,NAN,1.975,NAN
NAN,8.1,7.86,2.747,0.24,NAN
25,7.3,7.3,2.067,0.55,153
NAN,4.9,7.33,14.533,2.2,1233
28,6.3,7.58,6.7,1.575,1640
28,6.1,7.58,14.25,2.425,4875
25,6.8,7.43,4.25,1.225,1175
26,6.7,7.38,3.85,1.575,548
27,5.9,7.48,8.35,2.2,4050
25,6.5,7.4,4.3,1.9,1158
25,6.9,7.4,3.75,0.975,200
26,5.1,7.48,14.7,2.3,4325
28,5,7.4,14.76,2.08,8860
28,5.1,7.43,16.25,2.3,12938
16,6.2,7.63,7,14.013,NAN
NAN,4.4,8.23,1.39,0.08,14
NAN,4.2,8.52,1.26,0.16,28
23,4,7.65,36,2.89,1190
22,8,8.31,4.4,0.655,14
NAN,4.2,8.55,341.833,4,NAN
NAN,5,7.92,1.443,0.153,17
25,7.5,7.53,1.407,0.567,32
27,6.6,7.27,3.555,0.292,46
28,6.8,7.12,1.723,0.198,62
NAN,6.7,7.6,1.229,0.183,12
28,7.1,6.94,0.943,0.151,10
27,7.4,7,0.977,0.186,27
NAN,6.6,7.81,2.675,0.263,40
28,6.6,7.49,2.091,0.256,151
28,5.4,7.16,2.092,NAN,404
30,5.4,7.37,1.802,0.215,456
29,5.3,7.37,2.552,0.202,526
30,7.8,239,1.7,2.188,2.188
29,7.5,442,3.4,NAN,NAN
29,7,430,2.4,NAN,NAN
29,7.2,216,1.8,NAN,NAN
29,7.9,352,4.2,NAN,NAN
28,7,86,4.7,0.1,0.1
29,6.8,65,1.8,NAN,NAN
28,7.1,101,2,0.1,0.1
27,7,78,1.8,NAN,NAN
29,7.2,60,1.9,NAN,NAN
28,6.6,76,1.9,NAN,NAN
NAN,NAN,NAN,NAN,NAN,NAN
28,8,368,1,NAN,NAN
28,7.5,21331,11.7,NAN,NAN
30,8.1,540,2.5,NAN,NAN
29,8.1,443,2,NAN,NAN
29,8.1,467,3,NAN,NAN
32,7.8,1304,19.5,NAN,NAN
30,8,1708,3.5,NAN,NAN
28,7.5,1175,4,NAN,NAN
28,7.5,67115,5.5,NAN,NAN
27,4,9948,513.5,NAN,NAN
28,7.7,1148,6.9,2,2
28,8,590,1.8,NAN,NAN
27,7.7,440,2.4,0.9,0.9
28,6.4,1579,1.7,0.513,0.513
27,6.8,62,1.5,0.221,0.221
28,6.9,44,1,0.151,0.151
28,6.9,62,0.4,0.21,0.21
28,7,9416,0.5,0.241,0.241
24,6.9,39,1.1,0.195,0.195
28,7.1,53,1.4,0.367,0.367
28,6.9,102,1.2,0.335,0.335
27,6.8,437,1.1,0.922,0.922
27,7.3,58,0.6,0.367,0.367
26,6.9,1835,1.2,0.61,0.61
27,6.8,60,0.9,0.475,0.475
29,7.2,80,0.8,0.252,0.252
27,7,42,0.4,0.347,0.347
26,7,51,0.5,0.3,0.3
26,7.1,58,0.5,0.337,0.337
26,7,63,0.6,0.278,0.278
27,6.8,72,0.6,0.53,0.53
26,6.8,83,0.9,0.417,0.417
24,7,69,1.2,0.222,0.222
28,6.8,88,0.9,0.307,0.307
27,6.9,31,0.5,0.164,0.164
27,6.8,46,0.5,0.149,0.149
26,7.2,20850,0.9,0.477,0.477
25,7,24336,1.1,0.529,0.529
25,7.1,77,0.3,0.411,0.411
25,7.1,76,0.4,0.167,0.167
29,6.5,3384,1.9,0.757,0.757
26,7.7,280,5.7,0.994,0.994
27,7.8,183,5,0.497,0.497
24,7.7,107,5.2,0.386,0.386
25,7.5,185,6.5,0.514,0.514
27,7.3,157,5.6,0.603,0.603
28,7.4,150,6,0.614,0.614
26,7.4,139,5.9,0.453,0.453
21,7.3,111,2.4,NAN,NAN
21,7.4,74,1.2,NAN,NAN
21,7.5,77,3.2,NAN,NAN
21,7.3,97,1.9,NAN,NAN
21,7.4,121,2.7,NAN,NAN
21,7.4,142,1.3,NAN,NAN
23,7.3,112,17.2,NAN,NAN
21,7.5,124,18.5,NAN,NAN
20,6.9,223,6.8,NAN,NAN
17,3.1,493,5.9,NAN,NAN
15,6.9,142,2.2,NAN,NAN
20,6.9,145,1.8,NAN,NAN
21,7,145,2.3,NAN,NAN
30,8.1,569,1.6,1.028,1.028
27,7.7,28598,1.7,0.962,0.962
30,7.4,219,3,0.964,0.964
29,7.2,198,2.1,1.03,1.03
29,8,978,9,1.24,1.24
21,7.6,203,1.9,0.107,0.107
29,7.2,150,1.3,0.142,0.142
31,7.3,178,1.5,0.138,0.138
29,7.1,214,2.3,0.585,0.585
NAN,7.5,293,1.2,0.568,0.568
28,6.9,146,2,0.506,0.506
28,7,136,1.4,0.609,0.609
NAN,7.9,738,2.7,0.518,0.518
29,7.5,585,2.6,0.155,0.155
28,7.6,98,1.2,NAN,NAN
28,7.7,91,1.3,NAN,NAN
29,7.6,110,1.1,NAN,NAN
